<?xml version='1.0' encoding='UTF-8'?>
<dfxml xmloutputversion='1.0'>
  <metadata 
  xmlns='http://www.forensicswiki.org/wiki/Category:Digital_Forensics_XML' 
  xmlns:xsi='http://www.w3.org/2001/XMLSchema-instance' 
  xmlns:dc='http://purl.org/dc/elements/1.1/'>
    <dc:type>Carve Report</dc:type>
  </metadata>
  <creator>
    <package>PhotoRec</package>
    <version>7.1</version>
    <build_environment>
      <compiler>GCC 6.4, Cygwin 2009.0</compiler>
      <library name='libext2fs' version='1.43.1'/>
      <library name='libewf' version='20140608'/>
      <library name='libjpeg' version='libjpeg-turbo-1.5.0'/>
      <library name='libntfs' version='10:0:0'/>
      <library name='zlib' version='1.2.11'/>
    </build_environment>
    <execution_environment>
      <os_sysname>Windows</os_sysname>
      <os_release>Windows 8 (9200)</os_release>
      <os_version>Windows 8 (9200)</os_version>
      <host>PT-Laptop-7</host>
      <arch>x86_64</arch>
      <uid>197609</uid>
      <start_time>2022-09-07T15:53:12+0800</start_time>
    </execution_environment>
  </creator>
  <source>
    <image_filename>C:\Users\PT-LAP~1\AppData\Local\Temp\Autopsy\case_20220907_155002\Temp\PhotoRec Carver\1_09-07-2022-15-53-07-0535\Unalloc_4_278528_6287360</image_filename>
    <sectorsize>512</sectorsize>
    <image_size>1310720</image_size>
    <volume>
      <byte_runs>
        <byte_run offset='0' img_offset='0' len='1310720'/>
      </byte_runs>
    </volume>
  </source>
  <configuration>
  </configuration>
  <fileobject>
    <filename>f0001016_Microsoft_Word_Document1.pdf</filename>
    <filesize>510886</filesize>
    <byte_runs>
      <byte_run offset='0' img_offset='520192' len='524288'/>
    </byte_runs>
  </fileobject>
</dfxml>
